"Value","Reference","Footprint"
"Electrosmith_Daisy_Seed_Rev4","A1","Module:Electrosmith_Daisy_Seed"
"100NF","C1,C2,C4,C16,C17,C20,C22,C25,C31,C33,C34,C47","Capacitor_SMD:C_0603_1608Metric"
"10uF","C3,C6,C7,C10,C29,C35,C42,C48","Capacitor_SMD:CP_Elec_4x5.8"
"100PF","C5,C8,C28,C38","Capacitor_SMD:C_0603_1608Metric"
"1NF","C9,C30","Capacitor_SMD:C_0603_1608Metric"
"270PF","C11,C32","Capacitor_SMD:C_0603_1608Metric"
"33NF","C12,C37","Capacitor_SMD:C_0603_1608Metric"
"100UF","C13,C14,C21,C23,C24,C27,C36,C39,C41,C43","Capacitor_SMD:CP_Elec_6.3x7.7"
"10UF","C15,C18,C19,C26","Capacitor_SMD:CP_Elec_4x5.8,Capacitor_SMD:C_0805_2012Metric"
"10NF","C40,C46","Capacitor_SMD:C_0603_1608Metric"
"1UF","C55","Capacitor_SMD:C_0603_1608Metric"
"NSR1020MW2T3G","D5","Diode_SMD:D_SOD-323"
"FERRITE_BEAD_0603","FB1,FB4,FB5,FB9,FB10","Resistor_SMD:R_0603_1608Metric"
"M12 SPST Footswitch Assembly","FSW_1,FSW_2","parts-for-kicad:S02P"
"DIN_MIDI_5P","J1,J10,J11","parts-for-kicad:57PC5F"
"JACK_TRS_SWITCHING","J2,J3,J4,J5,J6","Connector_Audio:Jack_6.35mm_Neutrik_NMJ6HCD2_Horizontal"
"USB4110GFA","J7","USB4110GFA:GCT_USB4110GFA"
"Barrel_Jack_Switch","J8","Connector_BarrelJack:BarrelJack_Wuerth_6941xx301002"
"LED","LED1","LED_THT:LED_D5.0mm"
"LED_RKBG","LED2","LED_THT:LED_D5.0mm-4_RGB_Wide_Pins"
"5K1","R1,R2","Resistor_SMD:R_0603_1608Metric"
"270R","R3","Resistor_SMD:R_0603_1608Metric"
"220R","R4","Resistor_SMD:R_0603_1608Metric"
"10K","R5,R10,R14,R17,R19,R22,R26,R56,R64,R65,R68,R69,R70,R77","Resistor_SMD:R_0603_1608Metric"
"3R3","R6,R30,R48,R55,R57","Resistor_SMD:R_1206_3216Metric"
"1M","R7,R15,R18","Resistor_SMD:R_0603_1608Metric"
"100R","R8,R13,R16,R27,R46,R72,R76","Resistor_SMD:R_0603_1608Metric"
"0R","R9","Resistor_SMD:R_0603_1608Metric"
"15K","R11,R74","Resistor_SMD:R_0603_1608Metric"
"33K","R12,R75","Resistor_SMD:R_0603_1608Metric"
"3K3","R20,R58","Resistor_SMD:R_0603_1608Metric"
"4K7","R21,R71","Resistor_SMD:R_0603_1608Metric"
"2K","R25,R40,R44","Resistor_SMD:R_0603_1608Metric"
"10R","R28,R29,R59,R61","Resistor_SMD:R_0603_1608Metric"
"1K","R43","Resistor_SMD:R_0603_1608Metric"
"47K","R50,R51,R52,R53,R54","Resistor_SMD:R_0603_1608Metric"
"20K","R60","Resistor_SMD:R_0603_1608Metric"
"TOGGLE_ON_OFF_ON_PIP2","SW1","parts-for-kicad:TOGGLE_ON_OFF_ON"
"TOGGLE_ON-ON_PIP3","SW2,SW3","parts-for-kicad:TOGGLE_ON_ON_2"
"PTH Mini Button","SW4,SW5","parts-for-kicad:TL1105SPF250Q_SILK"
"MCP6002-xSN","U1","Package_SO:SOIC-8_3.9x4.9mm_P1.27mm"
"LP2985-5.0","U2","Package_TO_SOT_SMD:SOT-23-5"
"OPA1652","U3,U9,U10","Package_SO:SOIC-8_3.9x4.9mm_P1.27mm"
"MICRO_SD_CARD","U7","TF-01A:TF-01A"
"H11L1","U11","Package_DIP:DIP-6_W7.62mm"
"USBLC6-2SC6","U14","Package_TO_SOT_SMD:SOT-23-6"
"P-10K-B-R","VR1,VR2,VR3,VR4,VR5,VR6","parts-for-kicad:9MM_SNAP-IN_POT_SILK"
