"Id";"Designator";"Footprint";"Quantity";"Designation";"Supplier and ref";
1;"R46,R8,R48,R13,R72,R27,R76,R16,R55";"R_0603_1608Metric";9;"100R";;;
2;"FD3,FD1,FD2";"Fiducial_1mm_Mask2mm";3;"FIDUCIAL";;;
3;"C46";"C_0603_1608Metric";1;"10NF";;;
4;"R61,R57,R62,R29,R28,R59,R63";"R_0603_1608Metric";7;"10R";;;
5;"SW4,SW3";"TL3301SPF160QJ";2;"SMT Mini Button";;;
6;"C30,C9,C28,C8";"C_0603_1608Metric";4;"1NF";;;
7;"R77,R26,R56,R22,R14,R69,R65,R5,R19,R17,R68,R70,R64";"R_0603_1608Metric";13;"10K";;;
8;"Q1,Q5";"SOT-23";2;"3904";;;
9;"C5,C38";"C_0603_1608Metric";2;"100PF";;;
10;"C31,C47,C33,C20,C2,C25,C34,C22,C4,C16,C17,C1";"C_0603_1608Metric";12;"100NF";;;
11;"R50,R51,R52,R54,R53";"R_0603_1608Metric";5;"47K";;;
12;"C27,C24,C43,C36,C14,C21,C39,C13,C41,C23";"CP_Elec_6.3x7.7";10;"100UF";;;
13;"U3,U10,U9";"SOIC-8_5.275x5.275mm_P1.27mm";3;"OPA1652";;;
14;"FB2,FB5,FB8,FB1,FB9,FB10,FB3,FB4,FB7";"R_0603_1608Metric";9;"FERRITE_BEAD_0603";;;
15;"R2,R1";"R_0603_1608Metric";2;"5K1";;;
16;"H1,H2,H3,H4";"MountingHole_3.5mm_Pad";4;"MOUNT-PAD-ROUND3.5";;;
17;"LOGO1";"OSHW-LOGO-L_TEXT";1;"OSHW-LOGO";;;
18;"J5,J2,J6,J3,J4";"TRS_JACK_WQP-PJ609B";5;"JACK_TRS_SWITCHING";;;
19;"C12,C37";"C_0603_1608Metric";2;"33NF";;;
20;"J11,J1,J10";"57PC5F";3;"DIN_MIDI_5P";;;
21;"VR3,VR5,VR1,VR4,VR6,VR2";"9MM_SNAP-IN_POT_SILK_PIP";6;"P-10K-B-R-PIP";;;
22;"R44,R9,R43,R10,R24,R23,R40,R25";"R_0603_1608Metric";8;"2K";;;
23;"R60";"R_0603_1608Metric";1;"20K";;;
24;"SW2,SW6";"TOGGLE_SILK_PIP3";2;"TOGGLE_ON-ON_PIP3";;;
25;"U8";"SOT-223-3_TabPin2";1;"LD1117-5V";;;
26;"R21,R71";"R_0603_1608Metric";2;"4K7";;;
27;"R7,R15,R18";"R_0603_1608Metric";3;"1M";;;
28;"C29,C48,C10,C42,C7,C35,C6,C3";"CP_Elec_4x5.8";8;"10uF";;;
29;"D6,D5";"D_SOD-323";2;"NSR1020MW2T3G";;;
30;"LED1";"LED_D5.0mm";1;"LED";;;
31;"R11,R74";"R_0603_1608Metric";2;"15K";;;
32;"A1";"Electrosmith_Daisy_Seed";1;"Electrosmith_Daisy_Seed_Rev4";;;
33;"C11,C32";"C_0603_1608Metric";2;"270PF";;;
34;"U6,U5";"RELAY-SMD_G6K-2F-Y";2;"G6K-2F-Y-TR DC3";;;
35;"C26,C15";"C_0805_2012Metric";2;"10UF";;;
36;"R75,R12";"R_0603_1608Metric";2;"24K";;;
37;"R58,R20";"R_0603_1608Metric";2;"3K3";;;
38;"D3,D4";"D_SOD-323";2;"1N4148";;;
39;"U11";"DIP-6_W7.62mm";1;"H11L1";;;
40;"FSW_1,FSW_2";"S02P";2;"M12 SPST Footswitch Assembly";;;
41;"U14";"SOT-23-6";1;"USBLC6-2SC6";;;
42;"C55";"C_0603_1608Metric";1;"1UF";;;
43;"SW1";"TOGGLE_SILK_PIP3";1;"TOGGLE_ON_OFF_ON_PIP2";;;
44;"R3";"R_0603_1608Metric";1;"270R";;;
45;"C18,C19";"CP_Elec_4x5.8";2;"10UF";;;
46;"LED2";"LED_D5.0mm-4_RGB_Wide_Pins";1;"LED_RKBG";;;
47;"U1";"SOIC-8_5.275x5.275mm_P1.27mm";1;"MCP6002-xSN";;;
48;"L2";"SDR0805";1;"SDR0805-102KL";;;
49;"U7";"MEM2061-01-188-00-A_GCT";1;"MICRO_SD_CARD";;;
50;"J8";"BarrelJack_Wuerth_6941xx301002";1;"Barrel_Jack_Switch";;;
51;"U4";"USB-C-SMD_G-SWITCH_GT-USB-7010ASV";1;"GT-USB-7010ASV";;;
52;"R4";"R_0603_1608Metric";1;"220R";;;
