Designator,Val,Package,Mid X,Mid Y,Rotation,Layer
A1,Electrosmith_Daisy_Seed_Rev4,Electrosmith_Daisy_Seed,2.795,29.705,90,top
C1,100NF,C_0603_1608Metric,190.25,16.095,90,top
C2,100NF,C_0603_1608Metric,36.25,49.45,0,top
C3,10uF,CP_Elec_4x5.8,58.5,24.15,180,top
C4,100NF,C_0603_1608Metric,57.5,49.5,180,top
C5,100PF,C_0603_1608Metric,64.8,21.4,0,top
C6,10uF,CP_Elec_4x5.8,73.3,23.85,180,top
C7,10uF,CP_Elec_4x5.8,70.7,56.7,90,top
C8,1NF,C_0603_1608Metric,69.25,49.1,0,top
C9,1NF,C_0603_1608Metric,64.05,47,-90,top
C10,10uF,CP_Elec_4x5.8,58.25,46.1,0,top
C11,270PF,C_0603_1608Metric,57.25,51.9,-90,top
C12,33NF,C_0603_1608Metric,57.4,54.25,0,top
C13,100UF,CP_Elec_6.3x7.7,130,73,-90,top
C14,100UF,CP_Elec_6.3x7.7,121.3,73,-90,top
C15,10UF,C_0805_2012Metric,145.75,68.75,-90,top
C16,100NF,C_0603_1608Metric,141.75,75.25,90,top
C17,100NF,C_0603_1608Metric,68.8,27.65,90,top
C18,10UF,CP_Elec_4x5.8,157.45,66.85,-90,top
C19,10UF,CP_Elec_4x5.8,162.55,66.85,-90,top
C20,100NF,C_0603_1608Metric,126.3,95.6,180,top
C21,100UF,CP_Elec_6.3x7.7,125.6,84.8,-90,top
C22,100NF,C_0603_1608Metric,130.7,87.4,90,top
C23,100UF,CP_Elec_6.3x7.7,112.6,73,-90,top
C24,100UF,CP_Elec_6.3x7.7,104.7,73.1,-90,top
C25,100NF,C_0603_1608Metric,82.3,49.05,180,top
C26,10UF,C_0805_2012Metric,143.55,75.45,90,top
C27,100UF,CP_Elec_6.3x7.7,148.55,75.05,90,top
C28,1NF,C_0603_1608Metric,95,48.75,0,top
C29,10uF,CP_Elec_4x5.8,95.8,56.45,90,top
C30,1NF,C_0603_1608Metric,87.6,46.65,-90,top
C31,100NF,C_0603_1608Metric,163.05,71.15,0,top
C32,270PF,C_0603_1608Metric,82.4,51.45,-90,top
C33,100NF,C_0603_1608Metric,43.25,54.95,90,top
C34,100NF,C_0603_1608Metric,178,36.075,90,top
C35,10uF,CP_Elec_4x5.8,81.4,45.75,0,top
C36,100UF,CP_Elec_6.3x7.7,6,52,180,top
C37,33NF,C_0603_1608Metric,82.3,53.75,0,top
C38,100PF,C_0603_1608Metric,66.4,34.1,0,top
C39,100UF,CP_Elec_6.3x7.7,42.75,60.25,0,top
C41,100UF,CP_Elec_6.3x7.7,6,59.4,180,top
C42,10uF,CP_Elec_4x5.8,73.2,31.65,180,top
C43,100UF,CP_Elec_6.3x7.7,151.15,65.85,-90,top
C46,10NF,C_0603_1608Metric,31.75,51.55,90,top
C47,100NF,C_0603_1608Metric,190.25,19.5,-90,top
C48,10uF,CP_Elec_4x5.8,58.4,31.35,180,top
C55,1UF,C_0603_1608Metric,45,54.95,90,top
D3,1N4148,D_SOD-323,89.3713,59.8306,-90,top
D4,1N4148,D_SOD-323,63.85,59.4,-90,top
D5,NSR1020MW2T3G,D_SOD-323,130.7,84.2,90,top
D6,NSR1020MW2T3G,D_SOD-323,139.25,77.85,180,top
FB1,FERRITE_BEAD_0603,R_0603_1608Metric,159.95,71.15,180,top
FB2,FERRITE_BEAD_0603,R_0603_1608Metric,139.25,74.45,0,top
FB3,FERRITE_BEAD_0603,R_0603_1608Metric,124.675,94,180,top
FB4,FERRITE_BEAD_0603,R_0603_1608Metric,127.9,92.3,180,top
FB5,FERRITE_BEAD_0603,R_0603_1608Metric,127.9,90.6,0,top
FB7,FERRITE_BEAD_0603,R_0603_1608Metric,124.675,92.3,0,top
FB8,FERRITE_BEAD_0603,R_0603_1608Metric,124.675,90.6,180,top
FB9,FERRITE_BEAD_0603,R_0603_1608Metric,130.7,80.9,-90,top
FB10,FERRITE_BEAD_0603,R_0603_1608Metric,127.9,94,0,top
FD1,FIDUCIAL,Fiducial_1mm_Mask2mm,13.0011,3.9964,0,top
FD2,FIDUCIAL,Fiducial_1mm_Mask2mm,2.0011,88.9964,0,top
FD3,FIDUCIAL,Fiducial_1mm_Mask2mm,185.0011,3.9964,0,top
FSW_1,M12 SPST Footswitch Assembly,S02P,120,10,0,top
FSW_2,M12 SPST Footswitch Assembly,S02P,138,10,0,top
J1,DIN_MIDI_5P,57PC5F,185,55,90,top
J2,JACK_TRS_SWITCHING,TRS_JACK_WQP-PJ609B,95.0011,88.9964,0,top
J3,JACK_TRS_SWITCHING,TRS_JACK_WQP-PJ609B,45.0011,88.9964,0,top
J4,JACK_TRS_SWITCHING,TRS_JACK_WQP-PJ609B,70.0011,88.9964,0,top
J5,JACK_TRS_SWITCHING,TRS_JACK_WQP-PJ609B,20.0011,88.9964,0,top
J6,JACK_TRS_SWITCHING,TRS_JACK_WQP-PJ609B,163.0011,88.9964,0,top
J8,Barrel_Jack_Switch,BarrelJack_Wuerth_6941xx301002,116.5,85.9,180,top
J10,DIN_MIDI_5P,57PC5F,185,32.5,90,top
J11,DIN_MIDI_5P,57PC5F,185,77.5,90,top
L2,SDR0805-102KL,SDR0805,15.4,56,0,top
LED1,LED,LED_D5.0mm,156,9,90,top
LED2,LED_RKBG,LED_D5.0mm-4_RGB_Wide_Pins,30,23,-90,top
LOGO1,OSHW-LOGO,OSHW-LOGO-L_TEXT,84.229197,27.060059,0,top
Q1,3904,SOT-23,86.1713,59.8306,0,top
Q5,3904,SOT-23,60.75,59.4,0,top
R1,5K1,R_0603_1608Metric,12.5001,74.5,0,top
R2,5K1,R_0603_1608Metric,12.5001,69,180,top
R3,270R,R_0603_1608Metric,190.25,12.75,90,top
R4,220R,R_0603_1608Metric,180.75,20,0,top
R5,10K,R_0603_1608Metric,42,49.45,0,top
R7,1M,R_0603_1608Metric,95.8,51.1,-90,top
R8,100R,R_0603_1608Metric,94.2,51.1,90,top
R9,2K,R_0603_1608Metric,82.5713,58.9306,0,top
R10,2K,R_0603_1608Metric,82.5713,60.7306,180,top
R11,15K,R_0603_1608Metric,64.8,19.8,180,top
R12,24K,R_0603_1608Metric,64.8,23,180,top
R13,100R,R_0603_1608Metric,67.9,23,180,top
R14,10K,R_0603_1608Metric,72.4,20.25,180,top
R15,1M,R_0603_1608Metric,70.25,51.4,-90,top
R16,100R,R_0603_1608Metric,68.5,51.4,90,top
R17,10K,R_0603_1608Metric,33.5,54.65,90,top
R18,1M,R_0603_1608Metric,36.5,57.05,180,top
R19,10K,R_0603_1608Metric,43.25,51.85,-90,top
R20,3K3,R_0603_1608Metric,65.75,47,-90,top
R21,4K7,R_0603_1608Metric,62.45,47,-90,top
R22,10K,R_0603_1608Metric,55.5,51.9,-90,top
R23,2K,R_0603_1608Metric,57.2375,58.6,0,top
R24,2K,R_0603_1608Metric,57.2375,60.3,180,top
R25,2K,R_0603_1608Metric,22.25,22.25,-90,top
R26,10K,R_0603_1608Metric,59,51.9,90,top
R27,100R,R_0603_1608Metric,61.7,55.4,0,top
R28,10R,R_0603_1608Metric,177.8,60,180,top
R29,10R,R_0603_1608Metric,177.925,49.9,0,top
R40,2K,R_0603_1608Metric,25.75,22.25,-90,top
R43,2K,R_0603_1608Metric,150.575,13.25,0,top
R44,2K,R_0603_1608Metric,24,22.25,-90,top
R46,100R,R_0603_1608Metric,168.7,74,-90,top
R48,100R,R_0603_1608Metric,125.6,77.2,180,top
R50,47K,R_0603_1608Metric,7.75,33.175,90,top
R51,47K,R_0603_1608Metric,5.25,33.175,90,top
R52,47K,R_0603_1608Metric,15.5,33.175,90,top
R53,47K,R_0603_1608Metric,13,33.175,90,top
R54,47K,R_0603_1608Metric,10.5,33.175,90,top
R55,100R,R_0603_1608Metric,116.9,77.2,180,top
R56,10K,R_0603_1608Metric,45,51.85,90,top
R57,10R,R_0603_1608Metric,139.25,76.05,180,top
R58,3K3,R_0603_1608Metric,89.3,46.65,-90,top
R59,10R,R_0603_1608Metric,177.2,74,90,top
R60,20K,R_0603_1608Metric,33.5,51.55,-90,top
R61,10R,R_0603_1608Metric,174.4,74,-90,top
R62,10R,R_0603_1608Metric,14,62.7,-90,top
R63,10R,R_0603_1608Metric,15.9,62.7,-90,top
R64,10K,R_0603_1608Metric,107.1011,81.7964,90,top
R65,10K,R_0603_1608Metric,82.1447,81.8352,90,top
R68,10K,R_0603_1608Metric,171.6,74,90,top
R69,10K,R_0603_1608Metric,80.8,51.45,-90,top
R70,10K,R_0603_1608Metric,84,51.45,90,top
R71,4K7,R_0603_1608Metric,85.9,46.65,-90,top
R72,100R,R_0603_1608Metric,85.5,54.95,0,top
R74,15K,R_0603_1608Metric,66.4,35.7,180,top
R75,24K,R_0603_1608Metric,66.4,32.5,180,top
R76,100R,R_0603_1608Metric,68.7,32.45,90,top
R77,10K,R_0603_1608Metric,72.4,35.25,180,top
SW1,TOGGLE_ON_OFF_ON_PIP2,TOGGLE_SILK_PIP3,30,10,0,top
SW2,TOGGLE_ON-ON_PIP3,TOGGLE_SILK_PIP3,48,10,0,top
SW3,PTH Mini Button,TL1105SPF250Q_SILK,84,10,0,top
SW4,PTH Mini Button,TL1105SPF250Q_SILK,102,10,0,top
SW6,TOGGLE_ON-ON_PIP3,TOGGLE_SILK_PIP3,66,10,0,top
U1,MCP6002-xSN,SOIC-8_3.9x4.9mm_P1.27mm,38.45,53.25,180,top
U3,OPA1652,SOIC-8_3.9x4.9mm_P1.27mm,63.7,51.6,180,top
U4,GT-USB-7010ASV,USB-C-SMD_G-SWITCH_GT-USB-7010ASV,5.2001,71.75,-90,top
U5,G6K-2F-Y-TR DC3,RELAY-SMD_G6K-2F-Y,90.75,68.5,90,top
U6,G6K-2F-Y-TR DC3,RELAY-SMD_G6K-2F-Y,65.3677,67.8501,90,top
U7,MICRO_SD_CARD,TF-01A,8.275,18.3,-90,top
U8,LD1117-5V,SOT-223-3_TabPin2,140.25,69.95,180,top
U9,OPA1652,SOIC-8_3.9x4.9mm_P1.27mm,88.6,51.25,180,top
U10,OPA1652,SOIC-8_3.9x4.9mm_P1.27mm,65,27.75,-90,top
U11,H11L1,DIP-6_W7.62mm,180.2,17.525,0,top
U14,USBLC6-2SC6,SOT-23-6,13.9501,71.75,0,top
VR1,P-10K-B-R-PIP,9MM_SNAP-IN_POT_SILK_PIP,120,54,0,top
VR2,P-10K-B-R-PIP,9MM_SNAP-IN_POT_SILK_PIP,138,54,0,top
VR3,P-10K-B-R-PIP,9MM_SNAP-IN_POT_SILK_PIP,156,54,0,top
VR4,P-10K-B-R-PIP,9MM_SNAP-IN_POT_SILK_PIP,120,30,0,top
VR5,P-10K-B-R-PIP,9MM_SNAP-IN_POT_SILK_PIP,138,30,0,top
VR6,P-10K-B-R-PIP,9MM_SNAP-IN_POT_SILK_PIP,156,30,0,top